Month,CPI
2000-01,195.5
2000-02,194.9
2000-03,196.4
2000-04,197.6
2000-05,198.4
2000-06,199.1
2000-07,200.1
2000-08,199.1
2000-09,199.5
2000-10,201.5
2000-11,202.1
2000-12,202.1
2001-01,202.4
2001-02,202.8
2001-03,204.0
2001-04,206.5
2001-05,209.4
2001-06,212.6
2001-07,214.2
2001-08,214.9
2001-09,216.3
2001-10,217.7
2001-11,218.5
2001-12,219.5
2002-01,221.5
2002-02,220.9
2002-03,221.8
2002-04,221.9
2002-05,221.8
2002-06,222.8
2002-07,223.0
2002-08,221.8
2002-09,222.9
2002-10,224.1
2002-11,223.7
2002-12,223.9
2003-01,224.7
2003-02,224.3
2003-03,226.7
2003-04,227.0
2003-05,226.6
2003-06,226.8
2003-07,226.5
2003-08,226.3
2003-09,227.9
2003-10,229.0
2003-11,229.3
2003-12,230.0
2004-01,230.1
2004-02,229.4
2004-03,230.7
2004-04,232.0
2004-05,233.9
2004-06,235.7
2004-07,234.6
2004-08,234.6
2004-09,235.6
2004-10,237.4
2004-11,237.9
2004-12,239.0
2005-01,239.2
2005-02,239.7
2005-03,241.5
2005-04,242.0
2005-05,240.7
2005-06,242.4
2005-07,242.7
2005-08,243.2
2005-09,246.9
2005-10,248.4
2005-11,248.0
2005-12,248.9
2006-01,249.7
2006-02,249.5
2006-03,252.3
2006-04,255.2
2006-05,258.9
2006-06,261.9
2006-07,263.1
2006-08,264.0
2006-09,265.6
2006-10,266.2
2006-11,266.1
2006-12,266.2
2007-01,266.9
2007-02,268.0
2007-03,267.1
2007-04,268.7
2007-05,271.0
2007-06,272.4
2007-07,273.0
2007-08,273.1
2007-09,276.7
2007-10,278.1
2007-11,279.9
2007-12,281.8
2008-01,282.3
2008-02,286.2
2008-03,290.4
2008-04,300.3
2008-05,304.4
2008-06,307.1
2008-07,310.0
2008-08,312.8
2008-09,315.5
2008-10,322.3
2008-11,327.9
2008-12,332.9
2009-01,334.8
2009-02,336.5
2009-03,334.5
2009-04,336.0
2009-05,339.8
2009-06,344.5
2009-07,345.1
2009-08,346.9
2009-09,349.6
2009-10,353.6
2009-11,356.2
2009-12,357.9
2010-01,356.8
2010-02,360.9
2010-03,362.9
2010-04,363.8
2010-05,365.3
2010-06,364.1
2010-07,361.7
2010-08,362.6
2010-09,362.6
2010-10,365.3
2010-11,365.5
2010-12,366.7
2011-01,363.4
2011-02,367.7
2011-03,371.2
2011-04,374.1
2011-05,377.6
2011-06,379.5
2011-07,379.9
2011-08,380.9
2011-09,383.3
2011-10,384.6
2011-11,384.6
2011-12,386.0
2012-01,387.1
2012-02,391.0
2012-03,395.1
2012-04,398.2
2012-05,398.1
2012-06,400.1
2012-07,397.2
2012-08,396.6
2012-09,399.6
2012-10,400.7
2012-11,402.0
2012-12,402.2
2013-01,403.3
2013-02,409.9
2013-03,410.7
2013-04,411.5
2013-05,411.3
2013-06,413.5
2013-07,412.4
2013-08,413.8
2013-09,415.2
2013-10,415.2
2013-11,416.7
2013-12,418.9
2014-01,415.9
2014-02,418.7
2014-03,419.7
2014-04,421.0
2014-05,421.3
2014-06,422.8
2014-07,422.1
2014-08,423.1
2014-09,422.6
2014-10,423.2
2014-11,421.0
2014-12,422.3
2015-01,419.3
2015-02,422.1
2015-03,426.4
2015-04,427.0
2015-05,428.2
2015-06,429.3
2015-07,430.0
2015-08,432.3
2015-09,430.6
2015-10,430.9
2015-11,429.4
2015-12,430.8
2016-01,428.3
2016-02,431.2
2016-03,432.8
2016-04,433.7
2016-05,435.5
2016-06,436.3
2016-07,434.9
2016-08,436.4
2016-09,438.5
2016-10,438.5
2016-11,438.4
2016-12,439.0
2017-01,436.5
2017-02,439.6
2017-03,439.9
2017-04,442.1
2017-05,443.0
2017-06,443.0
2017-07,442.9
2017-08,444.0
2017-09,444.6
2017-10,446.7
2017-11,446.0
2017-12,447.2
2018-01,446.8
2018-02,449.5
2018-03,452.0
2018-04,452.2
2018-05,451.8
2018-06,454.6
2018-07,454.8
2018-08,455.7
2018-09,456.8
2018-10,459.4
2018-11,460.5
2018-12,463.9
2019-01,462.0
2019-02,462.9
2019-03,465.3
2019-04,467.0
2019-05,468.0
2019-06,469.8
2019-07,468.8
2019-08,470.1
2019-09,470.5
2019-10,472.2
2019-11,472.8
2019-12,473.3
2020-01,469.8
2020-02,474.1
2020-03,475.2
2020-04,477.5
2020-05,480.1
2020-06,482.2
2020-07,482.9
2020-08,485.1
2020-09,487.0
2020-10,489.1
2020-11,489.3
2020-12,490.3
2021-01,490.0
2021-02,493.4
2021-03,495.8
2021-04,499.3
2021-05,501.4
2021-06,502.7
2021-07,503.5
2021-08,505.8
2021-09,508.2
2021-10,511.2
2021-11,513.0
2021-12,515.3
2022-01,517.9
2022-02,523.9
2022-03,528.8
2022-04,535.4
2022-05,539.5
2022-06,547.1
2022-07,553.5
2022-08,555.1
2022-09,555.6
2022-10,559.3
2022-11,560.9
2022-12,564.6
2023-01,569.4
2023-02,577.3
2023-03,580.7
2023-04,588.3
2023-05,590.6
2023-06,595.6
2023-07,595.8
2023-08,597.8
2023-09,599.9
2023-10,603.5
2023-11,605.8
2023-12,608.3
2024-01,607.3
2024-02,615.4
2024-03,620.3
2024-04,623.7
2024-05,627.3
2024-06,630.3
2024-07,633.2
2024-08,633.8
2024-09,632.3
2024-10,634.1
2024-11,634.7
2024-12,637.2
2025-01,635.5
2025-02,641.3
2025-03,643.7
2025-04,649.7
2025-05,651.0
2025-06,656.5
2025-07,658.6
2025-08,657.6
2025-09,658.3
2025-10,661.4
2025-11,658.2
2025-12,665.8
